{
  "alignment_ratio": 0.8938547486033519,
  "claims_total": 388,
  "claims_bound": 320,
  "claims_missing_test": 13,
  "claims_retire_proposed": 23,
  "claims_retired": 30,
  "coverage_ratio": 0.20308529945553538
}
