{
  "alignment_ratio": 0.8743016759776536,
  "claims_total": 388,
  "claims_bound": 313,
  "claims_missing_test": 22,
  "claims_retire_proposed": 23,
  "claims_retired": 30,
  "coverage_ratio": 0.20308529945553538
}
